{"v":"5.11.0","fr":30,"ip":0,"op":49,"w":1080,"h":1920,"nm":"Transition 21 - V","ddd":0,"assets":[],"layers":[{"ddd":0,"ind":1,"ty":3,"nm":"Null 744","sr":1,"ks":{"o":{"a":0,"k":0,"ix":11},"r":{"a":0,"k":-90,"ix":10},"p":{"a":0,"k":[540,960,0],"ix":2,"l":2},"a":{"a":0,"k":[0,0,0],"ix":1,"l":2},"s":{"a":0,"k":[100,180,100],"ix":6,"l":2}},"ao":0,"ip":0,"op":49,"st":0,"bm":0},{"ddd":0,"ind":2,"ty":1,"nm":"White","parent":1,"td":1,"sr":1,"ks":{"o":{"a":0,"k":100,"ix":11},"r":{"a":0,"k":0,"ix":10},"p":{"a":1,"k":[{"i":{"x":0,"y":1},"o":{"x":0.167,"y":0.167},"t":30,"s":[-1930,0,0],"to":[321.667,0,0],"ti":[-321.667,0,0]},{"t":47.000390625,"s":[0,0,0]}],"ix":2,"l":2},"a":{"a":0,"k":[960,540,0],"ix":1,"l":2},"s":{"a":0,"k":[100,100,100],"ix":6,"l":2}},"ao":0,"sw":1920,"sh":1080,"sc":"#efefef","ip":30,"op":59.6,"st":29.6,"bm":0},{"ddd":0,"ind":3,"ty":1,"nm":"White 1954","parent":1,"tt":2,"tp":2,"sr":1,"ks":{"o":{"a":0,"k":100,"ix":11},"r":{"a":0,"k":0,"ix":10},"p":{"a":1,"k":[{"i":{"x":0,"y":1},"o":{"x":0.167,"y":0.167},"t":13,"s":[-1930,0,0],"to":[321.667,0,0],"ti":[-321.667,0,0]},{"t":31,"s":[0,0,0]}],"ix":2,"l":2},"a":{"a":0,"k":[960,540,0],"ix":1,"l":2},"s":{"a":0,"k":[100,100,100],"ix":6,"l":2}},"ao":0,"sw":1920,"sh":1080,"sc":"#483ed7","ip":13,"op":43,"st":13,"bm":0},{"ddd":0,"ind":4,"ty":1,"nm":"White","parent":1,"td":1,"sr":1,"ks":{"o":{"a":0,"k":100,"ix":11},"r":{"a":0,"k":0,"ix":10},"p":{"a":1,"k":[{"i":{"x":0,"y":1},"o":{"x":0.167,"y":0.167},"t":23,"s":[-1930,0,0],"to":[321.667,0,0],"ti":[-321.667,0,0]},{"t":40.000390625,"s":[0,0,0]}],"ix":2,"l":2},"a":{"a":0,"k":[960,540,0],"ix":1,"l":2},"s":{"a":0,"k":[100,100,100],"ix":6,"l":2}},"ao":0,"sw":1920,"sh":1080,"sc":"#efefef","ip":23,"op":52.6,"st":22.6,"bm":0},{"ddd":0,"ind":5,"ty":1,"nm":"White 1953","parent":1,"tt":2,"tp":4,"sr":1,"ks":{"o":{"a":0,"k":100,"ix":11},"r":{"a":0,"k":0,"ix":10},"p":{"a":1,"k":[{"i":{"x":0,"y":1},"o":{"x":0.167,"y":0.167},"t":6,"s":[-1930,0,0],"to":[321.667,0,0],"ti":[-321.667,0,0]},{"t":24,"s":[0,0,0]}],"ix":2,"l":2},"a":{"a":0,"k":[960,540,0],"ix":1,"l":2},"s":{"a":0,"k":[100,100,100],"ix":6,"l":2}},"ao":0,"sw":1920,"sh":1080,"sc":"#3e94d7","ip":6,"op":36,"st":6,"bm":0},{"ddd":0,"ind":6,"ty":1,"nm":"White","parent":1,"td":1,"sr":1,"ks":{"o":{"a":0,"k":100,"ix":11},"r":{"a":0,"k":0,"ix":10},"p":{"a":1,"k":[{"i":{"x":0,"y":1},"o":{"x":0.167,"y":0.167},"t":17,"s":[-1930,0,0],"to":[321.667,0,0],"ti":[-321.667,0,0]},{"t":34.000390625,"s":[0,0,0]}],"ix":2,"l":2},"a":{"a":0,"k":[960,540,0],"ix":1,"l":2},"s":{"a":0,"k":[100,100,100],"ix":6,"l":2}},"ao":0,"sw":1920,"sh":1080,"sc":"#efefef","ip":17,"op":46.6,"st":16.6,"bm":0},{"ddd":0,"ind":7,"ty":1,"nm":"White 1952","parent":1,"tt":2,"tp":6,"sr":1,"ks":{"o":{"a":0,"k":100,"ix":11},"r":{"a":0,"k":0,"ix":10},"p":{"a":1,"k":[{"i":{"x":0,"y":1},"o":{"x":0.167,"y":0.167},"t":0,"s":[-1930,0,0],"to":[321.667,0,0],"ti":[-321.667,0,0]},{"t":18,"s":[0,0,0]}],"ix":2,"l":2},"a":{"a":0,"k":[960,540,0],"ix":1,"l":2},"s":{"a":0,"k":[100,100,100],"ix":6,"l":2}},"ao":0,"sw":1920,"sh":1080,"sc":"#3ed777","ip":0,"op":30,"st":0,"bm":0}],"markers":[{"tm":30,"cm":"1","dr":0}],"props":{}}