{"v":"5.11.0","fr":30,"ip":0,"op":49,"w":1080,"h":1920,"nm":"Transition 18 - V","ddd":0,"assets":[],"layers":[{"ddd":0,"ind":1,"ty":1,"nm":"White","td":1,"sr":1,"ks":{"o":{"a":0,"k":100,"ix":11},"r":{"a":0,"k":0,"ix":10},"p":{"a":1,"k":[{"i":{"x":0,"y":1},"o":{"x":0.167,"y":0.167},"t":14,"s":[-1390,960,0],"to":[321.667,0,0],"ti":[-321.667,0,0]},{"t":31.000390625,"s":[540,960,0]}],"ix":2,"l":2},"a":{"a":0,"k":[960,540,0],"ix":1,"l":2},"s":{"a":0,"k":[100,204,100],"ix":6,"l":2}},"ao":0,"sw":1920,"sh":1080,"sc":"#efefef","ip":14,"op":43.6,"st":13.6,"bm":0},{"ddd":0,"ind":2,"ty":1,"nm":"White 1939","tt":2,"tp":1,"sr":1,"ks":{"o":{"a":0,"k":100,"ix":11},"r":{"a":0,"k":0,"ix":10},"p":{"a":1,"k":[{"i":{"x":0,"y":1},"o":{"x":0.167,"y":0.167},"t":0,"s":[-1390,960,0],"to":[321.667,0,0],"ti":[-321.667,0,0]},{"t":18,"s":[540,960,0]}],"ix":2,"l":2},"a":{"a":0,"k":[960,540,0],"ix":1,"l":2},"s":{"a":0,"k":[100,204,100],"ix":6,"l":2}},"ao":0,"sw":1920,"sh":1080,"sc":"#3ed777","ip":0,"op":30,"st":0,"bm":0}],"markers":[{"tm":14,"cm":"1","dr":0}],"props":{}}