{"v":"5.11.0","fr":30,"ip":0,"op":108,"w":1080,"h":1920,"nm":"Transition 10 - V","ddd":0,"assets":[],"layers":[{"ddd":0,"ind":1,"ty":4,"nm":"Elastic","sr":1,"ks":{"o":{"a":0,"k":100,"ix":11},"r":{"a":0,"k":270,"ix":10},"p":{"a":1,"k":[{"i":{"x":0,"y":1},"o":{"x":0.33,"y":0},"t":0,"s":[509.083,2183.789,0],"to":[4.667,-197.298,0],"ti":[0,0,0]},{"i":{"x":0.569,"y":1},"o":{"x":1,"y":0},"t":45,"s":[537.083,1000,0],"to":[0,0,0],"ti":[4.667,-197.298,0]},{"t":76,"s":[509.083,2183.789,0]}],"ix":2,"l":2},"a":{"a":0,"k":[0,0,0],"ix":1,"l":2},"s":{"a":0,"k":[60,183.119,100],"ix":6,"l":2}},"ao":0,"shapes":[{"ty":"gr","it":[{"ind":0,"ty":"sh","ix":1,"ks":{"a":1,"k":[{"i":{"x":0.667,"y":1},"o":{"x":0.333,"y":0},"t":0,"s":[{"i":[[-350,206],[0,0],[0,0],[0,0]],"o":[[0,0],[0,0],[0,0],[-354,-212]],"v":[[482,-547.5],[-1446,-547.5],[-1446,550.5],[486,550.5]],"c":true}]},{"i":{"x":0.667,"y":1},"o":{"x":0.333,"y":0},"t":10,"s":[{"i":[[372,206],[0,0],[0,0],[0,0]],"o":[[0,0],[0,0],[0,0],[368,-212]],"v":[[962,-546],[-966,-546],[-966,552],[966,552]],"c":true}]},{"i":{"x":0.667,"y":1},"o":{"x":0.598,"y":0},"t":18,"s":[{"i":[[-159.999,206],[0,0],[0,0],[0,0]],"o":[[0,0],[0,0],[0,0],[-163.999,-212]],"v":[[961.992,-545.393],[-1312.666,-546.526],[-1312.666,551.474],[965.992,552.607]],"c":true}]},{"i":{"x":0.667,"y":1},"o":{"x":0.167,"y":0},"t":31,"s":[{"i":[[154,206],[0,0],[0,0],[0,0]],"o":[[0,0],[0,0],[0,0],[150,-212]],"v":[[1941.997,-545.629],[-1599.332,-545.947],[-1599.332,552.053],[1945.997,552.371]],"c":true}]},{"i":{"x":0.667,"y":1},"o":{"x":0.333,"y":0},"t":38,"s":[{"i":[[-350.866,309.088],[0,0],[0,0],[0,0]],"o":[[0,0],[0,0],[0,0],[-394.866,-312.719]],"v":[[2181.998,-544.36],[-1759.333,-545.453],[-1759.333,552.547],[2185.997,553.64]],"c":true}]},{"i":{"x":0.667,"y":1},"o":{"x":0.333,"y":0},"t":51,"s":[{"i":[[-350.866,309.088],[0,0],[0,0],[0,0]],"o":[[0,0],[0,0],[0,0],[-394.866,-312.719]],"v":[[1221.999,-542.26],[-1759.333,-545.453],[-1759.333,552.547],[1225.998,555.74]],"c":true}]},{"i":{"x":0.667,"y":1},"o":{"x":0.167,"y":0},"t":59,"s":[{"i":[[154,206],[0,0],[0,0],[0,0]],"o":[[0,0],[0,0],[0,0],[150,-212]],"v":[[1061.998,-545.338],[-1599.332,-545.947],[-1599.332,552.053],[1065.998,552.662]],"c":true}]},{"t":72,"s":[{"i":[[-350,206],[0,0],[0,0],[0,0]],"o":[[0,0],[0,0],[0,0],[-354,-212]],"v":[[468.667,-546.797],[-966,-546],[-966,552],[472.667,551.204]],"c":true}]}],"ix":2},"nm":"Path","mn":"ADBE Vector Shape - Group","hd":false},{"ty":"fl","c":{"a":0,"k":[0.658823529412,0.607843137255,0.549019607843,1],"ix":4},"o":{"a":0,"k":100,"ix":5},"r":1,"bm":0,"nm":"Fill","mn":"ADBE Vector Graphic - Fill","hd":false},{"ty":"tr","p":{"a":0,"k":[0,0],"ix":2},"a":{"a":0,"k":[0,0],"ix":1},"s":{"a":0,"k":[100,100],"ix":3},"r":{"a":0,"k":0,"ix":6},"o":{"a":0,"k":100,"ix":7},"sk":{"a":0,"k":0,"ix":4},"sa":{"a":0,"k":0,"ix":5},"nm":"Transform"}],"nm":"Shape 1","np":2,"cix":2,"bm":0,"ix":1,"mn":"ADBE Vector Group","hd":false}],"ip":0,"op":94,"st":0,"ct":1,"bm":0}],"markers":[{"tm":43,"cm":"1","dr":0}],"props":{}}