{"v":"5.11.0","fr":30,"ip":0,"op":49,"w":1920,"h":1080,"nm":"Transition 17 - H","ddd":0,"assets":[],"layers":[{"ddd":0,"ind":1,"ty":3,"nm":"Null 743","sr":1,"ks":{"o":{"a":0,"k":0,"ix":11},"r":{"a":0,"k":150.7,"ix":10},"p":{"a":0,"k":[960,540,0],"ix":2,"l":2},"a":{"a":0,"k":[0,0,0],"ix":1,"l":2},"s":{"a":0,"k":[124.723,200,100],"ix":6,"l":2}},"ao":0,"ip":0,"op":49,"st":0,"bm":0},{"ddd":0,"ind":2,"ty":1,"nm":"White","parent":1,"td":1,"sr":1,"ks":{"o":{"a":0,"k":100,"ix":11},"r":{"a":0,"k":0,"ix":10},"p":{"a":0,"k":[0,0,0],"ix":2,"l":2},"a":{"a":0,"k":[960,540,0],"ix":1,"l":2},"s":{"a":1,"k":[{"i":{"x":[0.667,0.14,0.667],"y":[1,0.991,1]},"o":{"x":[0.333,0.796,0.333],"y":[0,-0.01,0]},"t":6,"s":[106.22,106.096,100]},{"t":25,"s":[100,0,100]}],"ix":6,"l":2}},"ao":0,"sw":1920,"sh":1080,"sc":"#efefef","ip":6,"op":47,"st":6,"bm":0},{"ddd":0,"ind":3,"ty":1,"nm":"White 1932","parent":1,"tt":2,"tp":2,"sr":1,"ks":{"o":{"a":0,"k":100,"ix":11},"r":{"a":0,"k":0,"ix":10},"p":{"a":0,"k":[0,0,0],"ix":2,"l":2},"a":{"a":0,"k":[960,540,0],"ix":1,"l":2},"s":{"a":1,"k":[{"i":{"x":[0.667,0.14,0.667],"y":[1,0.99,1]},"o":{"x":[0.333,0.796,0.333],"y":[0,-0.011,0]},"t":21.4,"s":[106.22,106.096,100]},{"t":40.999609375,"s":[100,0,100]}],"ix":6,"l":2}},"ao":0,"sw":1920,"sh":1080,"sc":"#a27ff8","ip":6,"op":46.4,"st":16.4,"bm":0},{"ddd":0,"ind":4,"ty":1,"nm":"White 1931","parent":1,"td":1,"sr":1,"ks":{"o":{"a":0,"k":100,"ix":11},"r":{"a":0,"k":0,"ix":10},"p":{"a":0,"k":[0,0,0],"ix":2,"l":2},"a":{"a":0,"k":[960,540,0],"ix":1,"l":2},"s":{"a":1,"k":[{"i":{"x":[0.667,0.14,0.667],"y":[1,0.991,1]},"o":{"x":[0.333,0.796,0.333],"y":[0,-0.01,0]},"t":0,"s":[106.22,106.096,100]},{"t":19,"s":[100,0,100]}],"ix":6,"l":2}},"ao":0,"sw":1920,"sh":1080,"sc":"#a27ff8","ip":0,"op":41,"st":0,"bm":0},{"ddd":0,"ind":5,"ty":1,"nm":"White 1930","parent":1,"tt":2,"tp":4,"sr":1,"ks":{"o":{"a":0,"k":100,"ix":11},"r":{"a":0,"k":0,"ix":10},"p":{"a":0,"k":[0,0,0],"ix":2,"l":2},"a":{"a":0,"k":[960,540,0],"ix":1,"l":2},"s":{"a":1,"k":[{"i":{"x":[0.667,0.14,0.667],"y":[1,0.99,1]},"o":{"x":[0.333,0.796,0.333],"y":[0,-0.011,0]},"t":15.4,"s":[106.22,106.096,100]},{"t":34.999609375,"s":[100,0,100]}],"ix":6,"l":2}},"ao":0,"sw":1920,"sh":1080,"sc":"#7845f8","ip":0,"op":40.4,"st":10.4,"bm":0}],"markers":[{"tm":28,"cm":"1","dr":0}],"props":{}}