{"v":"5.11.0","fr":30,"ip":0,"op":49,"w":1920,"h":1080,"nm":"Transition 14 - H","ddd":0,"assets":[],"layers":[{"ddd":0,"ind":1,"ty":1,"nm":"White","td":1,"sr":1,"ks":{"o":{"a":0,"k":100,"ix":11},"r":{"a":0,"k":0,"ix":10},"p":{"a":0,"k":[960,540,0],"ix":2,"l":2},"a":{"a":0,"k":[960,540,0],"ix":1,"l":2},"s":{"a":1,"k":[{"i":{"x":[0.667,0.204,0.667],"y":[1,1.008,1]},"o":{"x":[0.333,0.86,0.333],"y":[0,0.007,0]},"t":10.4,"s":[100,0,100]},{"t":24.4,"s":[106.22,106.096,100]}],"ix":6,"l":2}},"ao":0,"sw":1920,"sh":1080,"sc":"#efefef","ip":10.4,"op":40.4,"st":10.4,"bm":0},{"ddd":0,"ind":2,"ty":1,"nm":"White 1921","tt":2,"tp":1,"sr":1,"ks":{"o":{"a":0,"k":100,"ix":11},"r":{"a":0,"k":0,"ix":10},"p":{"a":0,"k":[960,540,0],"ix":2,"l":2},"a":{"a":0,"k":[960,540,0],"ix":1,"l":2},"s":{"a":1,"k":[{"i":{"x":[0.667,0.204,0.667],"y":[1,1.008,1]},"o":{"x":[0.333,0.86,0.333],"y":[0,0.007,0]},"t":0,"s":[100,0,100]},{"t":14,"s":[106.22,106.096,100]}],"ix":6,"l":2}},"ao":0,"sw":1920,"sh":1080,"sc":"#3b85ff","ip":0,"op":30,"st":0,"bm":0}],"markers":[{"tm":11,"cm":"1","dr":0}],"props":{}}