{"v":"5.11.0","fr":30,"ip":0,"op":108,"w":1080,"h":1080,"nm":"Transition 11 - S","ddd":0,"assets":[],"layers":[{"ddd":0,"ind":1,"ty":3,"nm":"Null 742","sr":1,"ks":{"o":{"a":0,"k":0,"ix":11},"r":{"a":0,"k":180,"ix":10},"p":{"a":0,"k":[540,540,0],"ix":2,"l":2},"a":{"a":0,"k":[0,0,0],"ix":1,"l":2},"s":{"a":0,"k":[100,100,100],"ix":6,"l":2}},"ao":0,"ip":0,"op":108,"st":0,"bm":0},{"ddd":0,"ind":2,"ty":4,"nm":"Elastic 4","parent":1,"td":1,"sr":1,"ks":{"o":{"a":0,"k":100,"ix":11},"r":{"a":0,"k":270,"ix":10},"p":{"a":1,"k":[{"i":{"x":0,"y":1},"o":{"x":0.33,"y":0},"t":49,"s":[-30.917,1223.789,0],"to":[4.667,-197.298,0],"ti":[0,0,0]},{"i":{"x":0.569,"y":1},"o":{"x":1,"y":0},"t":94,"s":[-2.917,40,0],"to":[0,0,0],"ti":[4.667,-197.298,0]},{"t":125,"s":[-30.917,1223.789,0]}],"ix":2,"l":2},"a":{"a":0,"k":[0,0,0],"ix":1,"l":2},"s":{"a":0,"k":[60,183.119,100],"ix":6,"l":2}},"ao":0,"shapes":[{"ty":"gr","it":[{"ind":0,"ty":"sh","ix":1,"ks":{"a":1,"k":[{"i":{"x":0.667,"y":1},"o":{"x":0.333,"y":0},"t":49,"s":[{"i":[[-350,206],[0,0],[0,0],[0,0]],"o":[[0,0],[0,0],[0,0],[-354,-212]],"v":[[962,-546],[-966,-546],[-966,552],[966,552]],"c":true}]},{"i":{"x":0.667,"y":1},"o":{"x":0.333,"y":0},"t":59,"s":[{"i":[[372,206],[0,0],[0,0],[0,0]],"o":[[0,0],[0,0],[0,0],[368,-212]],"v":[[962,-546],[-966,-546],[-966,552],[966,552]],"c":true}]},{"i":{"x":0.667,"y":1},"o":{"x":0.333,"y":0},"t":67,"s":[{"i":[[-160,206],[0,0],[0,0],[0,0]],"o":[[0,0],[0,0],[0,0],[-164,-212]],"v":[[962,-546],[-966,-546],[-966,552],[966,552]],"c":true}]},{"i":{"x":0.667,"y":1},"o":{"x":0.167,"y":0},"t":80,"s":[{"i":[[154,206],[0,0],[0,0],[0,0]],"o":[[0,0],[0,0],[0,0],[150,-212]],"v":[[962,-546],[-966,-546],[-966,552],[966,552]],"c":true}]},{"i":{"x":0.667,"y":1},"o":{"x":0.333,"y":0},"t":87,"s":[{"i":[[154,206],[0,0],[0,0],[0,0]],"o":[[0,0],[0,0],[0,0],[150,-212]],"v":[[962,-546],[-966,-546],[-966,552],[966,552]],"c":true}]},{"i":{"x":0.667,"y":1},"o":{"x":0.333,"y":0},"t":100,"s":[{"i":[[-160,206],[0,0],[0,0],[0,0]],"o":[[0,0],[0,0],[0,0],[-164,-212]],"v":[[962,-546],[-966,-546],[-966,552],[966,552]],"c":true}]},{"i":{"x":0.667,"y":1},"o":{"x":0.333,"y":0},"t":108,"s":[{"i":[[372,206],[0,0],[0,0],[0,0]],"o":[[0,0],[0,0],[0,0],[368,-212]],"v":[[962,-546],[-966,-546],[-966,552],[966,552]],"c":true}]},{"t":118,"s":[{"i":[[-350,206],[0,0],[0,0],[0,0]],"o":[[0,0],[0,0],[0,0],[-354,-212]],"v":[[962,-546],[-966,-546],[-966,552],[966,552]],"c":true}]}],"ix":2},"nm":"Path","mn":"ADBE Vector Shape - Group","hd":false},{"ty":"fl","c":{"a":0,"k":[0,0,0,1],"ix":4},"o":{"a":0,"k":100,"ix":5},"r":1,"bm":0,"nm":"Fill","mn":"ADBE Vector Graphic - Fill","hd":false},{"ty":"tr","p":{"a":0,"k":[0,0],"ix":2},"a":{"a":0,"k":[0,0],"ix":1},"s":{"a":0,"k":[100,100],"ix":3},"r":{"a":0,"k":0,"ix":6},"o":{"a":0,"k":100,"ix":7},"sk":{"a":0,"k":0,"ix":4},"sa":{"a":0,"k":0,"ix":5},"nm":"Transform"}],"nm":"Shape 1","np":2,"cix":2,"bm":0,"ix":1,"mn":"ADBE Vector Group","hd":false}],"ip":49,"op":92,"st":49,"ct":1,"bm":0},{"ddd":0,"ind":3,"ty":4,"nm":"Elastic 3","parent":1,"tt":2,"tp":2,"sr":1,"ks":{"o":{"a":0,"k":100,"ix":11},"r":{"a":0,"k":270,"ix":10},"p":{"a":1,"k":[{"i":{"x":0,"y":1},"o":{"x":0.33,"y":0},"t":16,"s":[-30.917,1223.789,0],"to":[4.667,-197.298,0],"ti":[-4.667,197.298,0]},{"t":61,"s":[-2.917,40,0]}],"ix":2,"l":2},"a":{"a":0,"k":[0,0,0],"ix":1,"l":2},"s":{"a":0,"k":[60,183.119,100],"ix":6,"l":2}},"ao":0,"shapes":[{"ty":"gr","it":[{"ind":0,"ty":"sh","ix":1,"ks":{"a":1,"k":[{"i":{"x":0.667,"y":1},"o":{"x":0.333,"y":0},"t":16,"s":[{"i":[[-350,206],[0,0],[0,0],[0,0]],"o":[[0,0],[0,0],[0,0],[-354,-212]],"v":[[962,-546],[-966,-546],[-966,552],[966,552]],"c":true}]},{"i":{"x":0.667,"y":1},"o":{"x":0.333,"y":0},"t":26,"s":[{"i":[[372,206],[0,0],[0,0],[0,0]],"o":[[0,0],[0,0],[0,0],[368,-212]],"v":[[962,-546],[-966,-546],[-966,552],[966,552]],"c":true}]},{"i":{"x":0.667,"y":1},"o":{"x":0.333,"y":0},"t":34,"s":[{"i":[[-160,206],[0,0],[0,0],[0,0]],"o":[[0,0],[0,0],[0,0],[-164,-212]],"v":[[962,-546],[-966,-546],[-966,552],[966,552]],"c":true}]},{"t":47,"s":[{"i":[[154,206],[0,0],[0,0],[0,0]],"o":[[0,0],[0,0],[0,0],[150,-212]],"v":[[962,-546],[-966,-546],[-966,552],[966,552]],"c":true}]}],"ix":2},"nm":"Path","mn":"ADBE Vector Shape - Group","hd":false},{"ty":"fl","c":{"a":0,"k":[0.101960784314,0.101960784314,0.101960784314,1],"ix":4},"o":{"a":0,"k":100,"ix":5},"r":1,"bm":0,"nm":"Fill","mn":"ADBE Vector Graphic - Fill","hd":false},{"ty":"tr","p":{"a":0,"k":[0,0],"ix":2},"a":{"a":0,"k":[0,0],"ix":1},"s":{"a":0,"k":[100,100],"ix":3},"r":{"a":0,"k":0,"ix":6},"o":{"a":0,"k":100,"ix":7},"sk":{"a":0,"k":0,"ix":4},"sa":{"a":0,"k":0,"ix":5},"nm":"Transform"}],"nm":"Shape 1","np":2,"cix":2,"bm":0,"ix":1,"mn":"ADBE Vector Group","hd":false}],"ip":16,"op":92,"st":16,"ct":1,"bm":0},{"ddd":0,"ind":4,"ty":4,"nm":"Elastic 2","parent":1,"tt":2,"tp":2,"sr":1,"ks":{"o":{"a":0,"k":100,"ix":11},"r":{"a":0,"k":270,"ix":10},"p":{"a":1,"k":[{"i":{"x":0,"y":1},"o":{"x":0.33,"y":0},"t":12,"s":[-30.917,1223.789,0],"to":[4.667,-197.298,0],"ti":[-4.667,197.298,0]},{"t":57,"s":[-2.917,40,0]}],"ix":2,"l":2},"a":{"a":0,"k":[0,0,0],"ix":1,"l":2},"s":{"a":0,"k":[60,183.119,100],"ix":6,"l":2}},"ao":0,"shapes":[{"ty":"gr","it":[{"ind":0,"ty":"sh","ix":1,"ks":{"a":1,"k":[{"i":{"x":0.667,"y":1},"o":{"x":0.333,"y":0},"t":12,"s":[{"i":[[-350,206],[0,0],[0,0],[0,0]],"o":[[0,0],[0,0],[0,0],[-354,-212]],"v":[[962,-546],[-966,-546],[-966,552],[966,552]],"c":true}]},{"i":{"x":0.667,"y":1},"o":{"x":0.333,"y":0},"t":22,"s":[{"i":[[372,206],[0,0],[0,0],[0,0]],"o":[[0,0],[0,0],[0,0],[368,-212]],"v":[[962,-546],[-966,-546],[-966,552],[966,552]],"c":true}]},{"i":{"x":0.667,"y":1},"o":{"x":0.333,"y":0},"t":30,"s":[{"i":[[-160,206],[0,0],[0,0],[0,0]],"o":[[0,0],[0,0],[0,0],[-164,-212]],"v":[[962,-546],[-966,-546],[-966,552],[966,552]],"c":true}]},{"t":43,"s":[{"i":[[154,206],[0,0],[0,0],[0,0]],"o":[[0,0],[0,0],[0,0],[150,-212]],"v":[[962,-546],[-966,-546],[-966,552],[966,552]],"c":true}]}],"ix":2},"nm":"Path","mn":"ADBE Vector Shape - Group","hd":false},{"ty":"fl","c":{"a":0,"k":[0.219607843137,0.194417542102,0.165351792878,1],"ix":4},"o":{"a":0,"k":100,"ix":5},"r":1,"bm":0,"nm":"Fill","mn":"ADBE Vector Graphic - Fill","hd":false},{"ty":"tr","p":{"a":0,"k":[0,0],"ix":2},"a":{"a":0,"k":[0,0],"ix":1},"s":{"a":0,"k":[100,100],"ix":3},"r":{"a":0,"k":0,"ix":6},"o":{"a":0,"k":100,"ix":7},"sk":{"a":0,"k":0,"ix":4},"sa":{"a":0,"k":0,"ix":5},"nm":"Transform"}],"nm":"Shape 1","np":2,"cix":2,"bm":0,"ix":1,"mn":"ADBE Vector Group","hd":false}],"ip":12,"op":92,"st":12,"ct":1,"bm":0},{"ddd":0,"ind":5,"ty":4,"nm":"Elastic","parent":1,"tt":2,"tp":2,"sr":1,"ks":{"o":{"a":0,"k":100,"ix":11},"r":{"a":0,"k":270,"ix":10},"p":{"a":1,"k":[{"i":{"x":0,"y":1},"o":{"x":0.33,"y":0},"t":0,"s":[-30.917,1223.789,0],"to":[4.667,-197.298,0],"ti":[-4.667,197.298,0]},{"t":45,"s":[-2.917,40,0]}],"ix":2,"l":2},"a":{"a":0,"k":[0,0,0],"ix":1,"l":2},"s":{"a":0,"k":[60,183.119,100],"ix":6,"l":2}},"ao":0,"shapes":[{"ty":"gr","it":[{"ind":0,"ty":"sh","ix":1,"ks":{"a":1,"k":[{"i":{"x":0.667,"y":1},"o":{"x":0.333,"y":0},"t":0,"s":[{"i":[[-350,206],[0,0],[0,0],[0,0]],"o":[[0,0],[0,0],[0,0],[-354,-212]],"v":[[962,-546],[-966,-546],[-966,552],[966,552]],"c":true}]},{"i":{"x":0.667,"y":1},"o":{"x":0.333,"y":0},"t":10,"s":[{"i":[[372,206],[0,0],[0,0],[0,0]],"o":[[0,0],[0,0],[0,0],[368,-212]],"v":[[962,-546],[-966,-546],[-966,552],[966,552]],"c":true}]},{"i":{"x":0.667,"y":1},"o":{"x":0.333,"y":0},"t":18,"s":[{"i":[[-160,206],[0,0],[0,0],[0,0]],"o":[[0,0],[0,0],[0,0],[-164,-212]],"v":[[962,-546],[-966,-546],[-966,552],[966,552]],"c":true}]},{"t":31,"s":[{"i":[[154,206],[0,0],[0,0],[0,0]],"o":[[0,0],[0,0],[0,0],[150,-212]],"v":[[962,-546],[-966,-546],[-966,552],[966,552]],"c":true}]}],"ix":2},"nm":"Path","mn":"ADBE Vector Shape - Group","hd":false},{"ty":"fl","c":{"a":0,"k":[0.658823529412,0.607843137255,0.549019607843,1],"ix":4},"o":{"a":0,"k":100,"ix":5},"r":1,"bm":0,"nm":"Fill","mn":"ADBE Vector Graphic - Fill","hd":false},{"ty":"tr","p":{"a":0,"k":[0,0],"ix":2},"a":{"a":0,"k":[0,0],"ix":1},"s":{"a":0,"k":[100,100],"ix":3},"r":{"a":0,"k":0,"ix":6},"o":{"a":0,"k":100,"ix":7},"sk":{"a":0,"k":0,"ix":4},"sa":{"a":0,"k":0,"ix":5},"nm":"Transform"}],"nm":"Shape 1","np":2,"cix":2,"bm":0,"ix":1,"mn":"ADBE Vector Group","hd":false}],"ip":0,"op":92,"st":0,"ct":1,"bm":0}],"markers":[{"tm":54,"cm":"1","dr":0}],"props":{}}