{"v":"5.11.0","fr":30,"ip":0,"op":97,"w":1080,"h":1080,"nm":"Transition 08 - S","ddd":0,"assets":[],"layers":[{"ddd":0,"ind":1,"ty":4,"nm":"Radial wave 6","sr":1,"ks":{"o":{"a":0,"k":100,"ix":11},"r":{"a":0,"k":0,"ix":10},"p":{"a":0,"k":[540,540,0],"ix":2,"l":2},"a":{"a":0,"k":[0,0,0],"ix":1,"l":2},"s":{"a":0,"k":[0,0,100],"ix":6,"l":2,"x":"var $bm_rt;\n$bm_rt = thisComp.layer('Radial wave 3').transform.scale;"}},"ao":0,"sy":[{"c":{"a":0,"k":[0,0,0,1],"ix":2},"o":{"a":0,"k":17,"ix":3},"a":{"a":0,"k":120,"ix":5},"s":{"a":0,"k":5,"ix":8},"d":{"a":0,"k":93,"ix":6},"ch":{"a":0,"k":0,"ix":7},"bm":{"a":0,"k":5,"ix":1},"no":{"a":0,"k":0,"ix":9},"ty":2,"nm":"Inner Shadow"}],"shapes":[{"ty":"gr","it":[{"ind":0,"ty":"sh","ix":1,"ks":{"a":0,"k":{"i":[[0,0],[18.734,195.145],[2,-2],[-20,-356],[-201.999,227.999],[0,0],[508,-164],[0,0],[-554,12],[0,0],[165.688,428.134],[488,-100],[48,-596],[-800,-160]],"o":[[0,0],[-23.999,-249.999],[-2,2],[20,355.999],[202,-228.001],[0,0],[-508,164],[0,0],[554.001,-12.001],[0,0],[-172.654,-446.132],[-337.498,69.159],[-48,596],[800.001,160]],"v":[[46,104.001],[228,-134.001],[-59.999,-336],[-321.294,29.365],[372,182.001],[408,-360],[-294,-524],[-618.322,269.631],[130,716.001],[849.812,230.063],[837.927,-601.542],[-225.61,-1152.236],[-1040,-196],[48,1211.999]],"c":false},"ix":2},"nm":"Path 1","mn":"ADBE Vector Shape - Group","hd":false},{"ty":"tm","s":{"a":0,"k":0,"ix":1},"e":{"a":1,"k":[{"i":{"x":[0],"y":[1]},"o":{"x":[0.499],"y":[0]},"t":13,"s":[0]},{"t":70,"s":[100]}],"ix":2},"o":{"a":0,"k":0,"ix":3},"m":1,"ix":2,"nm":"Trim Paths 1","mn":"ADBE Vector Filter - Trim","hd":false},{"ty":"tm","s":{"a":1,"k":[{"i":{"x":[0.461],"y":[1]},"o":{"x":[0.758],"y":[0]},"t":33,"s":[0]},{"t":90,"s":[100]}],"ix":1},"e":{"a":0,"k":100,"ix":2},"o":{"a":0,"k":0,"ix":3},"m":1,"ix":3,"nm":"Trim Paths 2","mn":"ADBE Vector Filter - Trim","hd":false},{"ty":"st","c":{"a":0,"k":[0.603921568627,0.325490196078,0.227450980392,1],"ix":3},"o":{"a":0,"k":100,"ix":4},"w":{"a":1,"k":[{"i":{"x":[0],"y":[1]},"o":{"x":[0.333],"y":[0]},"t":13,"s":[482]},{"t":70,"s":[585]}],"ix":5},"lc":2,"lj":1,"ml":4,"bm":0,"nm":"Stroke 1","mn":"ADBE Vector Graphic - Stroke","hd":false},{"ty":"tr","p":{"a":0,"k":[0,0],"ix":2},"a":{"a":0,"k":[0,0],"ix":1},"s":{"a":0,"k":[100,100],"ix":3},"r":{"a":0,"k":0,"ix":6},"o":{"a":0,"k":100,"ix":7},"sk":{"a":0,"k":0,"ix":4},"sa":{"a":0,"k":0,"ix":5},"nm":"Transform"}],"nm":"Shape 1","np":5,"cix":2,"bm":0,"ix":1,"mn":"ADBE Vector Group","hd":false}],"ip":41,"op":97,"st":44,"ct":1,"bm":0},{"ddd":0,"ind":2,"ty":4,"nm":"Radial wave 4","sr":1,"ks":{"o":{"a":0,"k":100,"ix":11},"r":{"a":0,"k":0,"ix":10},"p":{"a":0,"k":[540,540,0],"ix":2,"l":2},"a":{"a":0,"k":[0,0,0],"ix":1,"l":2},"s":{"a":0,"k":[0,0,100],"ix":6,"l":2,"x":"var $bm_rt;\n$bm_rt = thisComp.layer('Radial wave 3').transform.scale;"}},"ao":0,"sy":[{"c":{"a":0,"k":[0,0,0,1],"ix":2},"o":{"a":0,"k":17,"ix":3},"a":{"a":0,"k":120,"ix":5},"s":{"a":0,"k":5,"ix":8},"d":{"a":0,"k":93,"ix":6},"ch":{"a":0,"k":0,"ix":7},"bm":{"a":0,"k":5,"ix":1},"no":{"a":0,"k":0,"ix":9},"ty":2,"nm":"Inner Shadow"}],"shapes":[{"ty":"gr","it":[{"ind":0,"ty":"sh","ix":1,"ks":{"a":0,"k":{"i":[[0,0],[18.734,195.145],[2,-2],[-20,-356],[-201.999,227.999],[0,0],[508,-164],[0,0],[-554,12],[0,0],[165.688,428.134],[488,-100],[48,-596],[-800,-160]],"o":[[0,0],[-23.999,-249.999],[-2,2],[20,355.999],[202,-228.001],[0,0],[-508,164],[0,0],[554.001,-12.001],[0,0],[-172.654,-446.132],[-337.498,69.159],[-48,596],[800.001,160]],"v":[[46,104.001],[228,-134.001],[-59.999,-336],[-321.294,29.365],[372,182.001],[408,-360],[-294,-524],[-618.322,269.631],[130,716.001],[849.812,230.063],[837.927,-601.542],[-225.61,-1152.236],[-1040,-196],[48,1211.999]],"c":false},"ix":2},"nm":"Path 1","mn":"ADBE Vector Shape - Group","hd":false},{"ty":"tm","s":{"a":0,"k":0,"ix":1},"e":{"a":1,"k":[{"i":{"x":[0],"y":[1]},"o":{"x":[0.499],"y":[0]},"t":17,"s":[0]},{"t":74,"s":[100]}],"ix":2},"o":{"a":0,"k":0,"ix":3},"m":1,"ix":2,"nm":"Trim Paths 1","mn":"ADBE Vector Filter - Trim","hd":false},{"ty":"tm","s":{"a":1,"k":[{"i":{"x":[0.461],"y":[1]},"o":{"x":[0.758],"y":[0]},"t":37,"s":[0]},{"t":94,"s":[100]}],"ix":1},"e":{"a":0,"k":100,"ix":2},"o":{"a":0,"k":0,"ix":3},"m":1,"ix":3,"nm":"Trim Paths 2","mn":"ADBE Vector Filter - Trim","hd":false},{"ty":"st","c":{"a":0,"k":[0.309803921569,0.420253738703,0.556862745098,1],"ix":3},"o":{"a":0,"k":100,"ix":4},"w":{"a":1,"k":[{"i":{"x":[0],"y":[1]},"o":{"x":[0.333],"y":[0]},"t":17,"s":[482]},{"t":74,"s":[585]}],"ix":5},"lc":2,"lj":1,"ml":4,"bm":0,"nm":"Stroke 1","mn":"ADBE Vector Graphic - Stroke","hd":false},{"ty":"tr","p":{"a":0,"k":[0,0],"ix":2},"a":{"a":0,"k":[0,0],"ix":1},"s":{"a":0,"k":[100,100],"ix":3},"r":{"a":0,"k":0,"ix":6},"o":{"a":0,"k":100,"ix":7},"sk":{"a":0,"k":0,"ix":4},"sa":{"a":0,"k":0,"ix":5},"nm":"Transform"}],"nm":"Shape 1","np":5,"cix":2,"bm":0,"ix":1,"mn":"ADBE Vector Group","hd":false}],"ip":41,"op":97,"st":48,"ct":1,"bm":0},{"ddd":0,"ind":3,"ty":4,"nm":"Radial wave 3","sr":1,"ks":{"o":{"a":0,"k":100,"ix":11},"r":{"a":0,"k":0,"ix":10},"p":{"a":0,"k":[540,540,0],"ix":2,"l":2},"a":{"a":0,"k":[0,0,0],"ix":1,"l":2},"s":{"a":1,"k":[{"i":{"x":[0,0,0.667],"y":[1,1,1]},"o":{"x":[0.167,0.167,0.167],"y":[0,0,0]},"t":5,"s":[0,0,100]},{"i":{"x":[0.559,0.559,0.833],"y":[1,1,1]},"o":{"x":[0.749,0.749,0.167],"y":[0,0,0]},"t":48,"s":[100,100,100]},{"t":96,"s":[0,0,100]}],"ix":6,"l":2}},"ao":0,"sy":[{"c":{"a":0,"k":[0,0,0,1],"ix":2},"o":{"a":0,"k":17,"ix":3},"a":{"a":0,"k":120,"ix":5},"s":{"a":0,"k":5,"ix":8},"d":{"a":0,"k":93,"ix":6},"ch":{"a":0,"k":0,"ix":7},"bm":{"a":0,"k":5,"ix":1},"no":{"a":0,"k":0,"ix":9},"ty":2,"nm":"Inner Shadow"}],"shapes":[{"ty":"gr","it":[{"ind":0,"ty":"sh","ix":1,"ks":{"a":0,"k":{"i":[[0,0],[18.734,195.145],[2,-2],[-20,-356],[-201.999,227.999],[0,0],[508,-164],[0,0],[-554,12],[0,0],[165.688,428.134],[488,-100],[48,-596],[-800,-160]],"o":[[0,0],[-23.999,-249.999],[-2,2],[20,355.999],[202,-228.001],[0,0],[-508,164],[0,0],[554.001,-12.001],[0,0],[-172.654,-446.132],[-337.498,69.159],[-48,596],[800.001,160]],"v":[[46,104.001],[228,-134.001],[-59.999,-336],[-321.294,29.365],[372,182.001],[408,-360],[-294,-524],[-618.322,269.631],[130,716.001],[849.812,230.063],[837.927,-601.542],[-225.61,-1152.236],[-1040,-196],[48,1211.999]],"c":false},"ix":2},"nm":"Path 1","mn":"ADBE Vector Shape - Group","hd":false},{"ty":"tm","s":{"a":0,"k":0,"ix":1},"e":{"a":1,"k":[{"i":{"x":[0],"y":[1]},"o":{"x":[0.499],"y":[0]},"t":19,"s":[0]},{"t":76,"s":[100]}],"ix":2},"o":{"a":0,"k":0,"ix":3},"m":1,"ix":2,"nm":"Trim Paths 1","mn":"ADBE Vector Filter - Trim","hd":false},{"ty":"tm","s":{"a":1,"k":[{"i":{"x":[0.461],"y":[1]},"o":{"x":[0.758],"y":[0]},"t":39,"s":[0]},{"t":96,"s":[100]}],"ix":1},"e":{"a":0,"k":100,"ix":2},"o":{"a":0,"k":0,"ix":3},"m":1,"ix":3,"nm":"Trim Paths 2","mn":"ADBE Vector Filter - Trim","hd":false},{"ty":"st","c":{"a":0,"k":[0.458823529412,0.556862745098,0.309803921569,1],"ix":3},"o":{"a":0,"k":100,"ix":4},"w":{"a":1,"k":[{"i":{"x":[0],"y":[1]},"o":{"x":[0.333],"y":[0]},"t":19,"s":[482]},{"t":76,"s":[585]}],"ix":5},"lc":2,"lj":1,"ml":4,"bm":0,"nm":"Stroke 1","mn":"ADBE Vector Graphic - Stroke","hd":false},{"ty":"tr","p":{"a":0,"k":[0,0],"ix":2},"a":{"a":0,"k":[0,0],"ix":1},"s":{"a":0,"k":[100,100],"ix":3},"r":{"a":0,"k":0,"ix":6},"o":{"a":0,"k":100,"ix":7},"sk":{"a":0,"k":0,"ix":4},"sa":{"a":0,"k":0,"ix":5},"nm":"Transform"}],"nm":"Shape 1","np":5,"cix":2,"bm":0,"ix":1,"mn":"ADBE Vector Group","hd":false}],"ip":41,"op":97,"st":50,"ct":1,"bm":0},{"ddd":0,"ind":4,"ty":4,"nm":"Radial wave 5","sr":1,"ks":{"o":{"a":0,"k":100,"ix":11},"r":{"a":0,"k":0,"ix":10},"p":{"a":0,"k":[540,540,0],"ix":2,"l":2},"a":{"a":0,"k":[0,0,0],"ix":1,"l":2},"s":{"a":0,"k":[0,0,100],"ix":6,"l":2,"x":"var $bm_rt;\n$bm_rt = thisComp.layer('Radial wave').transform.scale;"}},"ao":0,"sy":[{"c":{"a":0,"k":[0,0,0,1],"ix":2},"o":{"a":0,"k":17,"ix":3},"a":{"a":0,"k":120,"ix":5},"s":{"a":0,"k":5,"ix":8},"d":{"a":0,"k":93,"ix":6},"ch":{"a":0,"k":0,"ix":7},"bm":{"a":0,"k":5,"ix":1},"no":{"a":0,"k":0,"ix":9},"ty":2,"nm":"Inner Shadow"}],"shapes":[{"ty":"gr","it":[{"ind":0,"ty":"sh","ix":1,"ks":{"a":0,"k":{"i":[[0,0],[18.734,195.145],[2,-2],[-20,-356],[-201.999,227.999],[0,0],[508,-164],[0,0],[-554,12],[0,0],[165.688,428.134],[488,-100],[48,-596],[-800,-160]],"o":[[0,0],[-23.999,-249.999],[-2,2],[20,355.999],[202,-228.001],[0,0],[-508,164],[0,0],[554.001,-12.001],[0,0],[-172.654,-446.132],[-337.498,69.159],[-48,596],[800.001,160]],"v":[[46,104.001],[228,-134.001],[-59.999,-336],[-321.294,29.365],[372,182.001],[408,-360],[-294,-524],[-618.322,269.631],[130,716.001],[849.812,230.063],[837.927,-601.542],[-225.61,-1152.236],[-1040,-196],[48,1211.999]],"c":false},"ix":2},"nm":"Path 1","mn":"ADBE Vector Shape - Group","hd":false},{"ty":"tm","s":{"a":0,"k":0,"ix":1},"e":{"a":1,"k":[{"i":{"x":[0],"y":[1]},"o":{"x":[0.499],"y":[0]},"t":11,"s":[0]},{"t":68,"s":[100]}],"ix":2},"o":{"a":0,"k":0,"ix":3},"m":1,"ix":2,"nm":"Trim Paths 1","mn":"ADBE Vector Filter - Trim","hd":false},{"ty":"tm","s":{"a":1,"k":[{"i":{"x":[0.461],"y":[1]},"o":{"x":[0.758],"y":[0]},"t":31,"s":[0]},{"t":88,"s":[100]}],"ix":1},"e":{"a":0,"k":100,"ix":2},"o":{"a":0,"k":0,"ix":3},"m":1,"ix":3,"nm":"Trim Paths 2","mn":"ADBE Vector Filter - Trim","hd":false},{"ty":"st","c":{"a":0,"k":[0.603921568627,0.324822040633,0.227358694638,1],"ix":3},"o":{"a":0,"k":100,"ix":4},"w":{"a":1,"k":[{"i":{"x":[0],"y":[1]},"o":{"x":[0.333],"y":[0]},"t":11,"s":[482]},{"t":68,"s":[585]}],"ix":5},"lc":2,"lj":1,"ml":4,"bm":0,"nm":"Stroke 1","mn":"ADBE Vector Graphic - Stroke","hd":false},{"ty":"tr","p":{"a":0,"k":[0,0],"ix":2},"a":{"a":0,"k":[0,0],"ix":1},"s":{"a":0,"k":[100,100],"ix":3},"r":{"a":0,"k":0,"ix":6},"o":{"a":0,"k":100,"ix":7},"sk":{"a":0,"k":0,"ix":4},"sa":{"a":0,"k":0,"ix":5},"nm":"Transform"}],"nm":"Shape 1","np":5,"cix":2,"bm":0,"ix":1,"mn":"ADBE Vector Group","hd":false}],"ip":11,"op":44,"st":11,"ct":1,"bm":0},{"ddd":0,"ind":5,"ty":4,"nm":"Radial wave 2","sr":1,"ks":{"o":{"a":0,"k":100,"ix":11},"r":{"a":0,"k":0,"ix":10},"p":{"a":0,"k":[540,540,0],"ix":2,"l":2},"a":{"a":0,"k":[0,0,0],"ix":1,"l":2},"s":{"a":0,"k":[0,0,100],"ix":6,"l":2,"x":"var $bm_rt;\n$bm_rt = thisComp.layer('Radial wave').transform.scale;"}},"ao":0,"sy":[{"c":{"a":0,"k":[0,0,0,1],"ix":2},"o":{"a":0,"k":17,"ix":3},"a":{"a":0,"k":120,"ix":5},"s":{"a":0,"k":5,"ix":8},"d":{"a":0,"k":93,"ix":6},"ch":{"a":0,"k":0,"ix":7},"bm":{"a":0,"k":5,"ix":1},"no":{"a":0,"k":0,"ix":9},"ty":2,"nm":"Inner Shadow"}],"shapes":[{"ty":"gr","it":[{"ind":0,"ty":"sh","ix":1,"ks":{"a":0,"k":{"i":[[0,0],[18.734,195.145],[2,-2],[-20,-356],[-201.999,227.999],[0,0],[508,-164],[0,0],[-554,12],[0,0],[165.688,428.134],[488,-100],[48,-596],[-800,-160]],"o":[[0,0],[-23.999,-249.999],[-2,2],[20,355.999],[202,-228.001],[0,0],[-508,164],[0,0],[554.001,-12.001],[0,0],[-172.654,-446.132],[-337.498,69.159],[-48,596],[800.001,160]],"v":[[46,104.001],[228,-134.001],[-59.999,-336],[-321.294,29.365],[372,182.001],[408,-360],[-294,-524],[-618.322,269.631],[130,716.001],[849.812,230.063],[837.927,-601.542],[-225.61,-1152.236],[-1040,-196],[48,1211.999]],"c":false},"ix":2},"nm":"Path 1","mn":"ADBE Vector Shape - Group","hd":false},{"ty":"tm","s":{"a":0,"k":0,"ix":1},"e":{"a":1,"k":[{"i":{"x":[0],"y":[1]},"o":{"x":[0.499],"y":[0]},"t":6,"s":[0]},{"t":63,"s":[100]}],"ix":2},"o":{"a":0,"k":0,"ix":3},"m":1,"ix":2,"nm":"Trim Paths 1","mn":"ADBE Vector Filter - Trim","hd":false},{"ty":"tm","s":{"a":1,"k":[{"i":{"x":[0.461],"y":[1]},"o":{"x":[0.758],"y":[0]},"t":26,"s":[0]},{"t":83,"s":[100]}],"ix":1},"e":{"a":0,"k":100,"ix":2},"o":{"a":0,"k":0,"ix":3},"m":1,"ix":3,"nm":"Trim Paths 2","mn":"ADBE Vector Filter - Trim","hd":false},{"ty":"st","c":{"a":0,"k":[0.309803921569,0.420253738703,0.556862745098,1],"ix":3},"o":{"a":0,"k":100,"ix":4},"w":{"a":1,"k":[{"i":{"x":[0],"y":[1]},"o":{"x":[0.333],"y":[0]},"t":6,"s":[482]},{"t":63,"s":[585]}],"ix":5},"lc":2,"lj":1,"ml":4,"bm":0,"nm":"Stroke 1","mn":"ADBE Vector Graphic - Stroke","hd":false},{"ty":"tr","p":{"a":0,"k":[0,0],"ix":2},"a":{"a":0,"k":[0,0],"ix":1},"s":{"a":0,"k":[100,100],"ix":3},"r":{"a":0,"k":0,"ix":6},"o":{"a":0,"k":100,"ix":7},"sk":{"a":0,"k":0,"ix":4},"sa":{"a":0,"k":0,"ix":5},"nm":"Transform"}],"nm":"Shape 1","np":5,"cix":2,"bm":0,"ix":1,"mn":"ADBE Vector Group","hd":false}],"ip":6,"op":44,"st":6,"ct":1,"bm":0},{"ddd":0,"ind":6,"ty":4,"nm":"Radial wave","sr":1,"ks":{"o":{"a":0,"k":100,"ix":11},"r":{"a":0,"k":0,"ix":10},"p":{"a":0,"k":[540,540,0],"ix":2,"l":2},"a":{"a":0,"k":[0,0,0],"ix":1,"l":2},"s":{"a":1,"k":[{"i":{"x":[0,0,0.667],"y":[1,1,1]},"o":{"x":[0.167,0.167,0.167],"y":[0,0,0]},"t":0,"s":[0,0,100]},{"i":{"x":[0.559,0.559,0.833],"y":[1,1,1]},"o":{"x":[0.749,0.749,0.167],"y":[0,0,0]},"t":43,"s":[100,100,100]},{"t":77,"s":[0,0,100]}],"ix":6,"l":2}},"ao":0,"sy":[{"c":{"a":0,"k":[0,0,0,1],"ix":2},"o":{"a":0,"k":17,"ix":3},"a":{"a":0,"k":120,"ix":5},"s":{"a":0,"k":5,"ix":8},"d":{"a":0,"k":93,"ix":6},"ch":{"a":0,"k":0,"ix":7},"bm":{"a":0,"k":5,"ix":1},"no":{"a":0,"k":0,"ix":9},"ty":2,"nm":"Inner Shadow"}],"shapes":[{"ty":"gr","it":[{"ind":0,"ty":"sh","ix":1,"ks":{"a":0,"k":{"i":[[0,0],[18.734,195.145],[2,-2],[-20,-356],[-201.999,227.999],[0,0],[508,-164],[0,0],[-554,12],[0,0],[165.688,428.134],[488,-100],[48,-596],[-800,-160]],"o":[[0,0],[-23.999,-249.999],[-2,2],[20,355.999],[202,-228.001],[0,0],[-508,164],[0,0],[554.001,-12.001],[0,0],[-172.654,-446.132],[-337.498,69.159],[-48,596],[800.001,160]],"v":[[46,104.001],[228,-134.001],[-59.999,-336],[-321.294,29.365],[372,182.001],[408,-360],[-294,-524],[-618.322,269.631],[130,716.001],[849.812,230.063],[837.927,-601.542],[-225.61,-1152.236],[-1040,-196],[48,1211.999]],"c":false},"ix":2},"nm":"Path 1","mn":"ADBE Vector Shape - Group","hd":false},{"ty":"tm","s":{"a":0,"k":0,"ix":1},"e":{"a":1,"k":[{"i":{"x":[0],"y":[1]},"o":{"x":[0.499],"y":[0]},"t":0,"s":[0]},{"t":57,"s":[100]}],"ix":2},"o":{"a":0,"k":0,"ix":3},"m":1,"ix":2,"nm":"Trim Paths 1","mn":"ADBE Vector Filter - Trim","hd":false},{"ty":"tm","s":{"a":1,"k":[{"i":{"x":[0.461],"y":[1]},"o":{"x":[0.758],"y":[0]},"t":20,"s":[0]},{"t":77,"s":[100]}],"ix":1},"e":{"a":0,"k":100,"ix":2},"o":{"a":0,"k":0,"ix":3},"m":1,"ix":3,"nm":"Trim Paths 2","mn":"ADBE Vector Filter - Trim","hd":false},{"ty":"st","c":{"a":0,"k":[0.458823529412,0.556862745098,0.309803921569,1],"ix":3},"o":{"a":0,"k":100,"ix":4},"w":{"a":1,"k":[{"i":{"x":[0],"y":[1]},"o":{"x":[0.333],"y":[0]},"t":0,"s":[482]},{"t":57,"s":[585]}],"ix":5},"lc":2,"lj":1,"ml":4,"bm":0,"nm":"Stroke 1","mn":"ADBE Vector Graphic - Stroke","hd":false},{"ty":"tr","p":{"a":0,"k":[0,0],"ix":2},"a":{"a":0,"k":[0,0],"ix":1},"s":{"a":0,"k":[100,100],"ix":3},"r":{"a":0,"k":0,"ix":6},"o":{"a":0,"k":100,"ix":7},"sk":{"a":0,"k":0,"ix":4},"sa":{"a":0,"k":0,"ix":5},"nm":"Transform"}],"nm":"Shape 1","np":5,"cix":2,"bm":0,"ix":1,"mn":"ADBE Vector Group","hd":false}],"ip":0,"op":44,"st":0,"ct":1,"bm":0}],"markers":[{"tm":43,"cm":"1","dr":0}],"props":{}}