{"v":"5.11.0","fr":30,"ip":0,"op":49,"w":1080,"h":1080,"nm":"Transition 20 - S","ddd":0,"assets":[],"layers":[{"ddd":0,"ind":1,"ty":3,"nm":"Null 744","sr":1,"ks":{"o":{"a":0,"k":0,"ix":11},"r":{"a":0,"k":90,"ix":10},"p":{"a":0,"k":[540,540,0],"ix":2,"l":2},"a":{"a":0,"k":[0,0,0],"ix":1,"l":2},"s":{"a":0,"k":[100,180,100],"ix":6,"l":2}},"ao":0,"ip":0,"op":49,"st":0,"bm":0},{"ddd":0,"ind":2,"ty":1,"nm":"White","parent":1,"td":1,"sr":1,"ks":{"o":{"a":0,"k":100,"ix":11},"r":{"a":0,"k":0,"ix":10},"p":{"a":1,"k":[{"i":{"x":0,"y":1},"o":{"x":0.167,"y":0.167},"t":17,"s":[-1930,0,0],"to":[321.667,0,0],"ti":[-321.667,0,0]},{"t":34.000390625,"s":[0,0,0]}],"ix":2,"l":2},"a":{"a":0,"k":[960,540,0],"ix":1,"l":2},"s":{"a":0,"k":[100,100,100],"ix":6,"l":2}},"ao":0,"sw":1920,"sh":1080,"sc":"#efefef","ip":17,"op":46.6,"st":16.6,"bm":0},{"ddd":0,"ind":3,"ty":1,"nm":"White 1944","parent":1,"tt":2,"tp":2,"sr":1,"ks":{"o":{"a":0,"k":100,"ix":11},"r":{"a":0,"k":0,"ix":10},"p":{"a":1,"k":[{"i":{"x":0,"y":1},"o":{"x":0.167,"y":0.167},"t":0,"s":[-1930,0,0],"to":[321.667,0,0],"ti":[-321.667,0,0]},{"t":18,"s":[0,0,0]}],"ix":2,"l":2},"a":{"a":0,"k":[960,540,0],"ix":1,"l":2},"s":{"a":0,"k":[100,100,100],"ix":6,"l":2}},"ao":0,"sw":1920,"sh":1080,"sc":"#3ed777","ip":0,"op":30,"st":0,"bm":0}],"markers":[{"tm":17,"cm":"1","dr":0}],"props":{}}